"hromada_name","Амбулаторія","Місце провадження діяльності","ФАП","Філія (інший відокремлений підрозділ)","село","смт","місто","селище","Первинна","Спеціалізована","Екстрена","Комунальна","ФОП","Приватна (без ФОП)","Державна"
"Єзупільська",3,2,2,0,4,3,0,0,1,1,0,2,0,0,0
"Єланецька",8,2,6,0,13,3,0,0,2,1,0,3,0,0,0
"Ємільчинська",5,2,0,0,4,3,0,0,1,1,0,2,0,0,0
"Єрківська",1,0,0,0,0,1,0,0,1,0,0,1,0,0,0
"Іване-Пустенська",2,0,2,1,5,0,0,0,2,0,0,1,1,0,0
"Іваничівська",3,3,0,0,0,6,0,0,2,1,0,3,0,0,0
"Іванківська",20,1,4,2,24,3,0,0,5,1,0,5,1,0,0
"Івано-Франківська",34,48,3,28,17,4,92,0,32,21,1,25,13,16,0
"Іванівська",19,4,11,1,27,6,0,2,5,2,0,6,1,0,0
"Ізмаїльська",6,18,0,2,0,0,26,0,1,2,0,3,0,0,0
"Ізюмська",7,3,0,0,4,0,5,1,1,1,0,2,0,0,0
"Ізяславська",13,6,1,0,6,0,14,0,4,4,0,3,1,4,0
"Іларіонівська",9,1,1,0,7,2,0,2,3,0,0,2,1,0,0
"Іллінецька",8,4,22,1,26,4,4,1,4,2,0,4,2,0,0
"Іллінівська",8,1,1,0,8,0,0,2,1,0,0,1,0,0,0
"Ірпінська",15,6,0,5,3,0,23,0,4,4,0,5,1,2,0
"Іршавська",9,3,8,3,17,0,6,0,3,1,0,2,2,0,0
"Іршанська",2,0,0,0,0,2,0,0,1,0,0,1,0,0,0
"Ічнянська",9,7,1,2,7,4,8,0,5,3,0,8,0,0,0
"Авангардівська",6,0,0,0,2,4,0,0,2,0,0,1,1,0,0
"Авдіївська",1,3,0,0,0,0,4,0,1,1,0,2,0,0,0
"Агрономічна",0,1,3,0,4,0,0,0,1,1,0,1,1,0,0
"Аджамська",1,0,2,0,3,0,0,0,1,1,0,2,0,0,0
"Алчевська",4,1,1,0,4,2,0,0,1,1,0,2,0,0,0
"Ананьївська",8,3,3,0,8,0,6,0,3,3,0,6,0,0,0
"Андрушівська",3,2,0,1,3,0,3,0,1,1,0,2,0,0,0
"Андріяшівська",3,1,1,0,5,0,0,0,1,0,0,1,0,0,0
"Андрієво-Іванівська",1,0,1,0,2,0,0,0,1,0,0,1,0,0,0
"Андріївська",7,1,2,0,9,1,0,0,0,1,0,1,0,0,0
"Апостолівська",24,1,3,0,21,0,3,4,2,1,0,2,1,0,0
"Арбузинська",3,2,0,0,1,4,0,0,1,1,0,2,0,0,0
"Арцизька",13,2,6,1,17,0,5,0,1,1,0,2,0,0,0
"Асканія-Нова",1,0,0,0,0,1,0,0,1,0,0,1,0,0,0
"Бабинська",2,1,0,0,3,0,0,0,1,0,0,1,0,0,0
"Бабчинецька",2,0,0,0,2,0,0,0,1,0,0,1,0,0,0
"Байковецька",4,0,11,0,15,0,0,0,1,0,0,1,0,0,0
"Балаклеївська",1,0,6,0,7,0,0,0,0,1,0,1,0,0,0
"Балаклійська",19,4,0,2,13,6,6,0,2,2,0,3,1,0,0
"Балтська",10,2,3,0,8,1,5,1,3,2,0,4,1,0,0
"Баранинська",6,2,0,0,8,0,0,0,1,1,0,2,0,0,0
"Баранівська",8,2,0,0,3,2,5,0,3,1,0,2,0,2,0
"Барашівська",3,0,0,0,3,0,0,0,1,0,0,1,0,0,0
"Барвінківська",26,2,6,27,52,1,3,5,3,2,0,4,1,0,0
"Баришівська",8,1,0,1,6,4,0,0,1,1,0,2,0,0,0
"Барська",14,4,21,0,29,0,8,2,3,2,0,4,1,0,0
"Батуринська",1,2,2,0,2,0,3,0,1,0,0,1,0,0,0
"Батівська",5,0,4,0,8,1,0,0,2,0,0,0,2,0,0
"Бахмацька",10,6,1,2,7,0,12,0,6,4,0,6,4,0,0
"Бахмутська",1,5,1,1,2,0,6,0,0,2,0,2,0,0,0
"Баштанська",6,3,4,0,8,1,4,0,1,1,0,2,0,0,0
"Бездрицька",2,0,0,0,2,0,0,0,2,0,0,2,0,0,0
"Безлюдівська",4,0,1,0,2,3,0,0,1,0,0,1,0,0,0
"Белзька",4,3,0,0,2,0,5,0,1,0,0,1,0,0,0
"Бердичівська",11,14,0,1,1,0,25,0,5,3,0,3,3,2,0
"Бердянська",12,5,0,0,2,1,14,0,2,1,0,2,1,0,0
"Берегометська",6,1,8,3,13,5,0,0,2,0,0,1,0,1,0
"Берегівська",14,4,6,0,15,0,9,0,2,2,0,4,0,0,0
"Бережанська",3,4,0,0,2,0,5,0,1,1,0,2,0,0,0
"Березанська",15,4,9,3,22,6,3,0,6,2,0,7,1,0,0
"Березнегуватська",12,4,6,3,15,8,0,2,4,2,0,6,0,0,0
"Березнівська",25,19,16,2,38,0,24,0,8,3,0,4,7,0,0
"Березівська",18,10,10,5,28,2,13,0,7,4,0,9,2,0,0
"Берестечківська",4,2,0,0,2,0,4,0,1,1,0,2,0,0,0
"Берестівська",5,0,0,0,5,0,0,0,1,0,0,1,0,0,0
"Бериславська",3,1,0,0,2,0,2,0,1,1,0,2,0,0,0
"Бершадська",13,3,3,2,14,0,7,0,3,1,0,2,0,2,0
"Бехтерська",1,0,2,0,3,0,0,0,1,0,0,1,0,0,0
"Бишівська",5,0,2,0,7,0,0,0,1,0,0,1,0,0,0
"Благовіщенська",11,1,7,0,16,0,3,0,2,1,0,2,1,0,0
"Близнюківська",21,5,6,6,24,12,0,2,7,2,0,5,4,0,0
"Бобринецька",5,1,1,0,2,0,5,0,4,1,0,2,3,0,0
"Бобровицька",5,4,2,0,7,0,4,0,1,2,0,3,0,0,0
"Богодухівська",37,11,7,5,25,9,22,4,18,5,0,9,10,4,0
"Богородчанська",6,2,7,3,13,5,0,0,1,1,0,2,0,0,0
"Богуславська",10,2,20,2,27,4,3,0,4,2,0,5,1,0,0
"Божедарівська",21,1,4,0,22,2,0,2,2,0,0,2,0,0,0
"Бойківська",6,2,2,0,7,2,1,0,0,1,0,1,0,0,0
"Болградська",6,1,3,2,8,0,4,0,3,1,0,3,1,0,0
"Болехівська",4,1,7,0,10,0,2,0,1,1,0,2,0,0,0
"Боратинська",4,0,0,0,4,0,0,0,1,0,0,1,0,0,0
"Боремельська",2,0,0,0,2,0,0,0,1,0,0,1,0,0,0
"Борзнянська",6,2,6,0,9,0,5,0,1,1,0,2,0,0,0
"Боринська",9,6,0,2,8,4,5,0,2,2,0,4,0,0,0
"Бориславська",9,11,0,6,3,0,23,0,6,2,0,3,5,0,0
"Бориспільська",20,9,3,4,13,3,20,0,6,3,0,6,1,1,1
"Бородянська",7,1,0,1,6,3,0,0,3,1,0,3,1,0,0
"Бородінська",11,1,8,1,16,4,0,1,3,1,0,3,1,0,0
"Боромлянська",1,2,0,0,3,0,0,0,1,1,0,2,0,0,0
"Борсуківська",1,0,0,0,1,0,0,0,1,0,0,1,0,0,0
"Борщагівська",14,3,1,5,23,0,0,0,6,1,0,2,3,2,0
"Борщівська",9,4,4,4,9,0,12,0,6,3,0,6,3,0,0
"Борівська",22,5,4,3,11,4,18,1,15,2,0,5,11,1,0
"Бочечківська",2,1,0,0,3,0,0,0,1,0,0,1,0,0,0
"Боянська",1,2,1,0,4,0,0,0,1,2,0,2,1,0,0
"Боярська",11,4,3,0,9,3,6,0,4,4,0,8,0,0,0
"Братська",5,2,6,0,9,4,0,0,2,1,0,3,0,0,0
"Брацлавська",2,1,0,0,1,2,0,0,1,0,0,1,0,0,0
"Броварська",11,9,0,6,2,0,24,0,4,2,0,3,2,1,0
"Бродівська",5,5,0,1,4,0,7,0,2,1,0,2,0,1,0
"Брошнів-Осадська",4,1,2,0,4,3,0,0,2,1,0,2,1,0,0
"Брусилівська",11,3,0,1,11,4,0,0,3,1,0,4,0,0,0
"Бугринська",4,4,0,1,5,4,0,0,4,1,0,4,1,0,0
"Бузька",6,0,2,0,7,0,0,1,1,1,0,2,0,0,0
"Букачівська",1,2,8,0,8,3,0,0,0,1,0,1,0,0,0
"Буринська",9,9,0,1,6,7,6,0,7,2,0,6,3,0,0
"Бурштинська",5,2,1,2,6,0,4,0,2,1,0,2,1,0,0
"Буська",7,8,0,0,9,2,4,0,2,1,0,2,1,0,0
"Буцька",1,1,0,0,0,2,0,0,1,0,0,1,0,0,0
"Бучанська",17,8,0,3,10,7,11,0,2,2,0,3,0,1,0
"Бучацька",14,10,0,2,10,0,16,0,7,5,0,9,2,1,0
"Буштинська",8,1,0,0,8,1,0,0,1,1,0,2,0,0,0
"Бібрська",7,4,0,1,5,2,5,0,2,1,0,3,0,0,0
"Білгород-Дністровська",6,10,0,1,0,0,17,0,6,3,0,6,2,1,0
"Біленьківська",2,0,0,0,2,0,0,0,1,0,0,1,0,0,0
"Білецька",4,2,3,0,9,0,0,0,1,1,0,2,0,0,0
"Білицька",3,0,3,0,5,1,0,0,1,0,0,1,0,0,0
"Білківська",6,0,1,0,7,0,0,0,1,0,0,0,0,1,0
"Білоберізька",11,2,1,0,14,0,0,0,2,0,0,2,0,0,0
"Білобожницька",5,2,0,0,7,0,0,0,1,0,0,1,0,0,0
"Біловодська",8,0,0,0,7,1,0,0,1,0,0,1,0,0,0
"Білогородська",8,0,1,0,9,0,0,0,3,0,0,1,1,1,0
"Білогірська",6,3,2,0,7,4,0,0,1,1,0,2,0,0,0
"Білозерська",8,2,0,1,2,4,2,3,2,1,0,2,1,0,0
"Білозірська",2,1,1,0,3,1,0,0,1,0,0,1,0,0,0
"Білокоровицька",3,0,0,0,2,1,0,0,1,0,0,1,0,0,0
"Білокуракинська",2,1,1,1,2,3,0,0,2,1,0,2,1,0,0
"Білопільська",5,7,0,2,5,4,5,0,5,3,0,6,2,0,0
"Білоцерківська",31,19,3,2,8,0,47,0,7,11,0,12,3,3,0
"Більмацька",1,1,0,1,2,1,0,0,1,1,0,2,0,0,0
"Більче-Золотецька",2,2,0,0,4,0,0,0,1,1,0,2,0,0,0
"Більшівцівська",2,4,6,2,7,7,0,0,2,2,0,4,0,0,0
"Біляївська",10,1,11,3,16,0,6,3,4,1,0,2,0,3,0
"Бісковицька",8,0,1,0,9,0,0,0,2,0,0,1,0,1,0
"Вiйтовецька",2,1,0,0,1,2,0,0,1,0,0,1,0,0,0
"Вакулівська",7,3,1,0,4,4,0,3,2,2,0,4,0,0,0
"Валківська",18,9,8,9,33,9,2,0,4,3,0,6,1,0,0
"Вапнярська",1,1,0,0,0,2,0,0,1,0,0,1,0,0,0
"Вараська",10,5,1,0,6,0,10,0,7,2,0,5,4,0,0
"Варвинська",4,2,0,0,3,3,0,0,1,1,0,2,0,0,0
"Варковицька",3,3,0,0,6,0,0,0,0,1,0,1,0,0,0
"Васильківська",35,10,15,5,39,12,11,3,6,6,0,11,0,1,0
"Василівська",10,2,12,1,20,1,3,1,1,1,0,2,0,0,0
"Ватутінська",4,2,2,0,4,0,4,0,1,1,0,2,0,0,0
"Вашковецька",3,3,3,1,7,0,3,0,1,1,0,2,0,0,0
"Вашківецька",6,3,0,0,6,0,3,0,2,2,0,4,0,0,0
"Великоандрусівська",4,0,5,0,9,0,0,0,1,0,0,1,0,0,0
"Великобагачанська",7,5,11,0,14,7,0,2,2,3,0,5,0,0,0
"Великоберезнянська",3,2,0,0,2,3,0,0,1,1,0,2,0,0,0
"Великоберезовицька",4,2,0,1,2,5,0,0,1,0,0,1,0,0,0
"Великобичківська",11,2,3,0,12,4,0,0,2,1,0,2,1,0,0
"Великобурлуцька",17,6,4,2,13,12,0,4,5,3,0,7,1,0,0
"Великобілозерська",12,0,13,0,25,0,0,0,4,0,0,4,0,0,0
"Великобірківська",1,2,0,0,0,3,0,0,0,1,0,1,0,0,0
"Великогаївська",2,2,3,0,7,0,0,0,2,1,0,3,0,0,0
"Великодальницька",3,1,0,1,5,0,0,0,1,0,0,0,1,0,0
"Великодедеркальська",1,2,0,0,3,0,0,0,0,1,0,1,0,0,0
"Великодимерська",11,0,5,2,16,2,0,0,2,0,0,1,1,0,0
"Великодобронська",5,0,1,0,6,0,0,0,1,0,0,0,1,0,0
"Великодолинська",1,1,0,2,1,3,0,0,2,1,0,2,1,0,0
"Великокопанівська",1,0,3,0,2,0,0,2,1,0,0,1,0,0,0
"Великокучурівська",1,1,1,2,5,0,0,0,1,0,0,1,0,0,0
"Великолепетиська",3,1,1,0,2,3,0,0,2,1,0,2,1,0,0
"Великолучківська",5,0,0,0,5,0,0,0,2,0,0,1,0,1,0
"Великолюбінська",1,3,0,0,0,4,0,0,1,1,0,2,0,0,0
"Великомихайлівська",17,4,8,0,24,5,0,0,1,2,0,3,0,0,0
"Великомостівська",3,2,1,2,5,0,3,0,1,1,0,2,0,0,0
"Великоновосілківська",6,2,17,0,14,4,0,7,1,1,0,2,0,0,0
"Великоолександрівська",7,1,0,0,3,3,0,2,1,1,0,2,0,0,0
"Великописарівська",8,5,0,0,6,4,3,0,3,2,0,5,0,0,0
"Великоплосківська",1,0,1,0,2,0,0,0,1,0,0,1,0,0,0
"Великосеверинівська",6,1,0,1,4,4,0,0,3,1,0,2,2,0,0
"Велимченська",1,1,0,0,2,0,0,0,1,0,0,1,0,0,0
"Вендичанська",4,0,0,0,3,1,0,0,1,0,0,1,0,0,0
"Вербківська",8,3,0,0,11,0,0,0,1,2,0,2,0,1,0
"Вертіївська",2,0,0,0,2,0,0,0,1,0,0,1,0,0,0
"Верхньодніпровська",23,6,8,2,25,6,8,0,4,3,0,5,1,1,0
"Верхньокоропецька",7,0,1,0,8,0,0,0,1,0,0,1,0,0,0
"Верхньорогачицька",6,0,1,1,7,1,0,0,1,0,0,1,0,0,0
"Верхньосироватська",2,0,0,0,2,0,0,0,1,0,0,1,0,0,0
"Верхнянська",2,0,8,0,10,0,0,0,1,0,0,1,0,0,0
"Верховинська",7,6,1,4,5,13,0,0,6,2,0,4,4,0,0
"Верхівцівська",3,2,0,1,1,3,2,0,2,2,0,4,0,0,0
"Веселинівська",11,3,9,1,20,4,0,0,3,1,0,4,0,0,0
"Веселівська",3,2,2,1,3,5,0,0,3,2,0,3,2,0,0
"Веснянська",2,1,0,0,1,0,0,2,1,1,0,2,0,0,0
"Вигодська",7,1,2,0,9,1,0,0,2,1,0,3,0,0,0
"Вигодянська",6,0,3,1,10,0,0,0,1,1,0,2,0,0,0
"Вижницька",4,3,1,0,4,0,4,0,1,2,0,3,0,0,0
"Визирська",6,0,6,0,12,0,0,0,1,0,0,1,0,0,0
"Вилківська",5,2,3,1,7,0,4,0,1,1,0,2,0,0,0
"Вилоцька",6,0,3,1,9,1,0,0,1,0,0,0,1,0,0
"Виноградівська",17,2,5,5,19,2,7,1,4,1,0,3,2,0,0
"Вирівська",2,0,0,0,2,0,0,0,1,0,0,1,0,0,0
"Високопільська",9,2,0,1,6,5,0,1,2,2,0,4,0,0,0
"Високівська",1,0,0,0,1,0,0,0,1,0,0,1,0,0,0
"Висоцька",5,0,1,1,7,0,0,0,2,0,0,1,1,0,0
"Витвицька",3,0,0,0,3,0,0,0,1,0,0,1,0,0,0
"Вишгородська",6,3,0,1,1,0,9,0,2,1,0,2,1,0,0
"Вишевицька",5,0,0,0,5,0,0,0,1,0,0,1,0,0,0
"Вишківська",6,0,4,1,8,3,0,0,3,0,0,1,1,1,0
"Вишнева",15,6,0,2,5,0,18,0,4,1,0,2,1,2,0
"Вишнівецька",5,3,0,0,4,4,0,0,1,1,0,2,0,0,0
"Вишнівська",8,1,1,2,10,0,0,2,1,0,0,1,0,0,0
"Вовчанська",28,8,1,7,12,6,25,1,16,3,0,7,11,1,0
"Водяницька",2,0,2,1,5,0,0,0,2,0,0,2,0,0,0
"Вознесенська",4,7,0,2,2,0,9,2,1,2,0,3,0,0,0
"Войнилівська",2,0,14,2,17,1,0,0,1,0,0,1,0,0,0
"Волицька",3,0,0,0,2,0,0,1,1,0,0,1,0,0,0
"Волноваська",1,5,2,0,3,1,4,0,0,3,0,3,0,0,0
"Воловецька",1,1,0,2,0,4,0,0,2,1,0,2,1,0,0
"Володарська",6,1,2,3,8,4,0,0,2,1,0,2,1,0,0
"Володимир-Волинська",5,3,0,0,0,0,8,0,3,1,0,2,2,0,0
"Володимирецька",9,4,1,2,7,9,0,0,3,2,0,4,1,0,0
"Володимирівська",4,2,0,0,4,2,0,0,1,0,0,1,0,0,0
"Волоківська",2,0,0,0,2,0,0,0,1,1,0,2,0,0,0
"Волочиська",9,2,1,1,8,0,5,0,3,1,0,2,2,0,0
"Вороновицька",8,3,1,0,7,5,0,0,2,1,0,3,0,0,0
"Вороньківська",4,0,4,1,9,0,0,0,1,0,0,1,0,0,0
"Воскресенська",9,2,1,0,9,2,0,1,1,0,0,1,0,0,0
"Врадіївська",6,3,5,1,11,4,0,0,3,1,0,4,0,0,0
"Вугледарська",10,1,8,0,15,1,3,0,1,1,0,2,0,0,0
"Вікнянська",3,1,5,0,9,0,0,0,1,0,0,1,0,0,0
"Вільногірська",6,3,0,0,2,4,3,0,3,2,0,4,1,0,0
"Вільнянська",3,2,1,1,1,0,6,0,2,1,0,3,0,0,0
"Вільховецька",6,0,0,0,6,0,0,0,2,0,0,1,1,0,0
"Вільхівська",5,2,2,1,5,1,0,4,0,1,0,0,0,1,0
"Вільшанська",10,2,7,0,15,4,0,0,1,1,0,2,0,0,0
"Вінницька",65,34,1,13,3,1,109,0,30,20,1,29,10,12,0
"Віньковецька",12,6,10,3,15,3,13,0,3,4,0,5,0,2,0
"Гадяцька",4,4,6,0,8,0,6,0,1,2,0,3,0,0,0
"Гайворонська",7,3,0,1,4,0,7,0,4,1,0,2,3,0,0
"Гайсинська",8,4,1,0,7,0,6,0,2,1,0,2,1,0,0
"Галицинівська",5,0,0,1,6,0,0,0,1,0,0,1,0,0,0
"Галицька",8,2,0,0,6,0,4,0,1,1,0,2,0,0,0
"Гатненська",3,0,0,1,4,0,0,0,1,0,0,1,0,0,0
"Гельмязівська",1,1,0,0,2,0,0,0,1,0,0,1,0,0,0
"Генічеська",14,2,1,1,13,2,3,0,1,1,0,2,0,0,0
"Герцаївська",7,3,0,0,7,0,3,0,1,1,0,2,0,0,0
"Глевахівська",4,2,2,0,4,4,0,0,0,1,0,1,0,0,0
"Глеюватська",7,4,2,0,11,1,0,1,2,0,0,1,1,0,0
"Глибоцька",6,2,5,0,8,5,0,0,2,2,0,4,0,0,0
"Глинянська",2,1,0,0,1,0,2,0,1,0,0,1,0,0,0
"Глобинська",12,2,9,0,20,0,3,0,0,1,0,1,0,0,0
"Глуховецька",6,0,1,0,4,3,0,0,2,0,0,2,0,0,0
"Глухівська",3,4,1,1,2,0,7,0,1,2,0,3,0,0,0
"Гніванська",3,3,1,0,3,0,4,0,1,1,0,2,0,0,0
"Гніздичівська",2,0,3,0,4,1,0,0,1,0,0,1,0,0,0
"Гоголівська",3,0,1,0,2,2,0,0,1,0,0,1,0,0,0
"Голованівська",15,3,6,2,14,12,0,0,8,3,0,7,4,0,0
"Головинська",2,0,2,0,4,0,0,0,1,0,0,1,0,0,0
"Головненська",2,2,0,2,2,4,0,0,1,0,0,1,0,0,0
"Голопристанська",7,2,0,0,5,0,4,0,1,1,0,2,0,0,0
"Горностаївська",6,1,0,1,6,2,0,0,2,1,0,3,0,0,0
"Городенківська",16,2,20,2,34,0,6,0,2,1,0,2,1,0,0
"Городищенська",11,4,5,0,12,2,6,0,2,2,0,2,0,2,0
"Городненська",7,2,3,0,10,2,0,0,1,0,0,0,1,0,0
"Городницька",1,0,0,0,0,1,0,0,1,0,0,1,0,0,0
"Городнянська",2,3,2,19,21,0,5,0,2,1,0,3,0,0,0
"Городоцька",26,13,6,6,30,1,20,0,8,4,0,8,4,0,0
"Горохівська",11,4,11,0,18,2,4,2,3,1,0,4,0,0,0
"Горішньоплавнівська",10,14,1,1,10,0,16,0,1,2,0,3,0,0,0
"Гостомельська",4,0,1,0,2,3,0,0,1,0,0,1,0,0,0
"Гощанська",7,4,1,0,7,5,0,0,1,1,0,2,0,0,0
"Грабовецько-Дулібівська",4,0,2,0,6,0,0,0,2,0,0,1,1,0,0
"Градизька",7,0,2,0,8,1,0,0,1,0,0,1,0,0,0
"Гребінківська",16,12,27,1,39,13,4,0,2,3,0,5,0,0,0
"Гримайлівська",6,5,0,0,3,8,0,0,1,1,0,2,0,0,0
"Грицівська",1,2,0,1,0,4,0,0,1,1,0,2,0,0,0
"Гришковецька",4,0,3,5,10,1,0,1,1,0,0,1,0,0,0
"Гродівська",10,5,7,0,15,4,2,1,1,2,0,3,0,0,0
"Грунська",3,1,1,2,7,0,0,0,1,0,0,1,0,0,0
"Грушівська",2,0,0,0,1,0,0,1,1,0,0,1,0,0,0
"Губиниська",21,1,1,0,22,1,0,0,1,0,0,1,0,0,0
"Гуляйпільська",13,6,2,3,9,9,6,0,5,5,0,7,3,0,0
"Гуменецька",6,0,1,0,6,0,0,1,4,0,0,1,3,0,0
"Гурівська",6,0,1,0,7,0,0,0,1,0,0,1,0,0,0
"Гусятинська",3,2,0,0,2,3,0,0,2,2,0,4,0,0,0
"Давидівська",10,9,1,0,8,0,12,0,3,3,0,6,0,0,0
"Дальницька",3,0,6,0,9,0,0,0,1,0,0,1,0,0,0
"Дар’ївська",5,1,0,1,5,2,0,0,1,1,0,2,0,0,0
"Дашівська",6,2,0,1,5,4,0,0,1,1,0,2,0,0,0
"Дворічанська",13,2,2,0,13,2,0,2,0,2,0,2,0,0,0
"Девладівська",12,2,5,0,14,4,0,1,3,1,0,3,1,0,0
"Делятинська",4,2,0,0,2,4,0,0,2,2,0,4,0,0,0
"Демидівська",5,2,0,0,4,3,0,0,2,2,0,4,0,0,0
"Деражненська",3,5,0,1,9,0,0,0,1,1,0,2,0,0,0
"Деражнянська",7,3,0,1,5,2,4,0,1,1,0,2,0,0,0
"Дергачівська",14,2,0,0,7,3,6,0,2,1,0,2,1,0,0
"Деснянська",3,3,1,0,4,3,0,0,1,1,0,2,0,0,0
"Джулинська",8,1,1,0,10,0,0,0,1,0,0,1,0,0,0
"Джуринська",2,0,0,0,2,0,0,0,1,0,0,0,1,0,0
"Дзвиняцька",3,0,0,0,3,0,0,0,2,0,0,2,0,0,0
"Дивізійська",4,0,3,1,8,0,0,0,1,0,0,1,0,0,0
"Диканська",16,2,7,0,22,3,0,0,1,1,0,2,0,0,0
"Димерська",11,2,0,0,10,3,0,0,3,1,0,3,1,0,0
"Дмитрівська",14,8,2,2,11,3,11,1,3,1,0,3,0,1,0
"Дніпровська",114,128,0,50,0,0,292,0,57,39,1,44,22,31,0
"Дніпрорудненська",1,1,0,0,0,0,2,0,1,1,0,2,0,0,0
"Добровеличківська",11,2,2,0,9,6,0,0,3,2,0,5,0,0,0
"Добромильська",5,7,0,0,4,1,7,0,4,1,0,5,0,0,0
"Добропільська",7,6,2,0,4,2,9,0,3,1,0,4,0,0,0
"Добросинсько-Магерівська",2,0,0,5,6,1,0,0,1,0,0,1,0,0,0
"Доброславська",1,1,1,1,2,2,0,0,1,1,0,2,0,0,0
"Добротвірська",3,2,5,2,8,4,0,0,1,1,0,2,0,0,0
"Довбиська",4,0,0,0,1,3,0,0,1,0,0,1,0,0,0
"Довжанська",5,0,0,0,5,0,0,0,2,0,0,1,1,0,0
"Долинська",34,11,29,4,52,7,18,1,17,4,0,9,11,1,0
"Доманівська",6,3,0,0,4,5,0,0,2,1,0,3,0,0,0
"Донецька",10,3,4,1,7,8,0,3,3,1,0,3,1,0,0
"Драбівська",7,2,0,0,4,5,0,0,1,1,0,2,0,0,0
"Драгівська",4,1,2,1,8,0,0,0,1,1,0,2,0,0,0
"Дрогобицька",8,15,1,13,10,0,27,0,10,6,0,10,4,2,0
"Дружбівська",2,1,0,0,0,0,3,0,1,0,0,1,0,0,0
"Дружківська",12,6,2,0,5,1,14,0,1,3,0,4,0,0,0
"Дубенська",5,5,1,1,1,0,11,0,4,3,0,5,2,0,0
"Дубовиківська",7,0,3,0,9,1,0,0,1,0,0,1,0,0,0
"Дубов’язівська",3,2,2,1,5,3,0,0,1,0,0,1,0,0,0
"Дубриницько-Малоберезнянська",7,0,6,0,13,0,0,0,1,0,0,1,0,0,0
"Дубровицька",10,3,17,1,24,0,7,0,4,2,0,3,2,1,0
"Дубрівська",1,0,2,0,3,0,0,0,1,0,0,1,0,0,0
"Дубівська",7,1,9,0,15,2,0,0,1,1,0,1,1,0,0
"Дунаєвецька",11,6,0,1,7,1,10,0,2,1,0,2,1,0,0
"Дядьковицька",1,2,9,1,13,0,0,0,0,1,0,1,0,0,0
"Дівичківська",1,0,0,0,1,0,0,0,1,0,0,1,0,0,0
"Енергодарська",1,1,0,0,0,0,2,0,1,1,0,2,0,0,0
"Жашківська",6,2,2,20,26,0,4,0,1,1,0,2,0,0,0
"Жданівська",3,0,6,0,8,1,0,0,1,0,0,1,0,0,0
"Жидачівська",2,2,0,0,1,0,3,0,1,1,0,2,0,0,0
"Житомирська",24,34,0,7,1,0,64,0,11,17,0,18,2,8,0
"Жмеринська",5,6,3,0,4,2,6,2,2,3,0,4,0,1,0
"Жовківська",9,13,14,1,21,0,16,0,2,1,0,2,0,1,0
"Жовтанецька",3,0,0,1,4,0,0,0,2,0,0,1,1,0,0
"Жовтоводська",4,3,0,0,1,0,6,0,1,1,0,2,0,0,0
"Журавненська",4,2,1,0,3,4,0,0,1,1,0,2,0,0,0
"Заболоттівська",2,1,0,0,1,2,0,0,1,0,0,1,0,0,0
"Заболотцівська",1,0,3,1,5,0,0,0,1,0,0,1,0,0,0
"Заболотівська",4,1,18,2,21,4,0,0,3,1,0,2,1,1,0
"Заводська",6,1,7,0,9,1,4,0,2,0,0,2,0,0,0
"Загвіздянська",1,0,2,0,3,0,0,0,1,0,0,1,0,0,0
"Залозецька",4,2,1,0,4,3,0,0,1,1,0,2,0,0,0
"Заліщицька",10,6,0,0,9,0,7,0,2,4,0,6,0,0,0
"Запорізька",112,90,2,30,1,0,233,0,40,33,1,40,17,17,0
"Зарічанська",4,0,0,0,4,0,0,0,1,0,0,0,1,0,0
"Зарічненська",10,5,1,3,15,4,0,0,3,1,0,3,1,0,0
"Заставнівська",2,2,1,2,2,0,5,0,1,0,0,0,1,0,0
"Затишанська",6,2,4,0,6,5,0,1,2,1,0,3,0,0,0
"Затишнянська",11,3,4,0,14,1,0,3,1,0,0,1,0,0,0
"Затурцівська",1,0,0,0,1,0,0,0,1,0,0,1,0,0,0
"Захарівська",8,1,10,0,14,4,0,1,2,2,0,3,1,0,0
"Зачепилівська",14,1,3,2,17,2,0,1,2,1,0,3,0,0,0
"Збаразька",13,4,0,1,11,0,7,0,2,3,0,3,0,2,0
"Зборівська",6,7,0,1,7,0,7,0,1,2,0,3,0,0,0
"Звенигородська",7,4,0,1,6,0,6,0,1,1,0,2,0,0,0
"Згурівська",15,8,2,3,7,3,18,0,5,2,0,5,1,1,0
"Здолбунівська",6,2,0,1,1,0,8,0,2,1,0,2,1,0,0
"Зеленодольська",3,3,0,0,4,0,2,0,1,1,0,2,0,0,0
"Зеленопідська",1,0,5,0,5,0,0,1,1,0,0,1,0,0,0
"Зимноводівська",5,2,0,0,7,0,0,0,1,1,0,2,0,0,0
"Зимнівська",3,0,0,0,3,0,0,0,1,0,0,1,0,0,0
"Зміївська",18,5,2,1,13,5,5,3,3,3,0,5,1,0,0
"Знам’янська",9,7,1,1,4,6,8,0,6,2,0,4,4,0,0
"Зноб-Новгородська",2,1,0,0,0,3,0,0,1,0,0,1,0,0,0
"Золотниківська",3,2,4,0,9,0,0,0,0,1,0,1,0,0,0
"Золотоніська",8,6,0,0,4,0,10,0,2,2,0,3,1,0,0
"Золотопотіцька",3,2,1,0,3,3,0,0,1,1,0,2,0,0,0
"Золочівська",25,9,6,3,25,4,12,2,5,3,0,5,3,0,0
"Зорянська",2,0,12,1,15,0,0,0,1,0,0,0,1,0,0
"Зорівська",2,0,1,0,3,0,0,0,1,0,0,1,0,0,0
"Зіньківська",13,4,10,0,22,0,4,1,1,1,0,2,0,0,0
"Кагарлицька",15,3,3,1,15,4,3,0,3,3,0,6,0,0,0
"Казанківська",8,4,5,1,12,6,0,0,3,2,0,5,0,0,0
"Каланчацька",7,1,2,0,6,3,0,1,2,1,0,2,1,0,0
"Калинівська",28,7,23,2,43,9,6,2,8,4,0,10,1,1,0
"Калитянська",3,0,0,0,2,1,0,0,1,0,0,1,0,0,0
"Калуська",10,9,0,6,5,0,20,0,5,4,0,7,1,1,0
"Камінь-Каширська",13,5,4,1,16,0,7,0,4,1,0,3,2,0,0
"Кам’янець-Подільська",28,11,0,1,1,2,37,0,11,4,0,7,8,0,0
"Кам’янка-Бузька",6,3,1,1,5,0,6,0,2,1,0,3,0,0,0
"Кам’яномостівська",3,0,0,0,3,0,0,0,1,0,0,1,0,0,0
"Кам’янопотоківська",4,2,1,0,7,0,0,0,1,0,0,1,0,0,0
"Кам’янська",39,35,18,3,31,1,62,1,8,12,0,9,3,8,0
"Кам’янсько-Дніпровська",5,0,0,0,2,0,3,0,2,0,0,1,1,0,0
"Канівська",3,3,0,0,2,0,4,0,1,2,0,3,0,0,0
"Карлівська",8,3,17,0,17,0,5,6,1,1,0,2,0,0,0
"Карпівська",12,2,10,0,22,0,0,2,2,0,0,1,1,0,0
"Катеринопільська",2,3,11,0,12,4,0,0,1,2,0,3,0,0,0
"Катеринівська",11,1,8,0,16,4,0,0,3,1,0,4,0,0,0
"Каховська",7,2,0,1,3,0,6,1,1,1,0,2,0,0,0
"Кегичівська",24,8,19,5,24,13,18,1,16,4,0,8,11,1,0
"Кельменецька",16,7,3,1,11,10,6,0,6,2,0,6,2,0,0
"Керецьківська",6,0,0,0,6,0,0,0,1,0,0,1,0,0,0
"Кетрисанівська",10,0,7,0,17,0,0,0,1,0,0,1,0,0,0
"Кириківська",4,1,1,1,5,2,0,0,1,0,0,1,0,0,0
"Кирилівська",4,0,0,5,7,2,0,0,1,0,0,1,0,0,0
"Клеванська",2,4,3,0,3,6,0,0,0,2,0,2,0,0,0
"Клесівська",5,5,0,0,4,6,0,0,2,2,0,4,0,0,0
"Клішковецька",4,2,0,0,6,0,0,0,1,0,0,1,0,0,0
"Кобеляцька",12,2,9,0,15,0,5,3,3,1,0,3,1,0,0
"Коблівська",4,0,1,0,5,0,0,0,1,0,0,1,0,0,0
"Ковалівська",4,0,1,1,6,0,0,0,1,0,0,1,0,0,0
"Ковельська",16,11,0,5,4,0,28,0,7,3,0,5,5,0,0
"Кодимська",11,3,17,3,26,3,4,1,3,1,0,2,2,0,0
"Кожанська",4,0,6,0,8,1,0,1,2,0,0,2,0,0,0
"Козелецька",2,5,0,0,1,6,0,0,1,2,0,3,0,0,0
"Козельщинська",11,2,8,0,18,3,0,0,1,1,0,2,0,0,0
"Козинська",9,3,3,1,11,5,0,0,3,1,0,3,1,0,0
"Козлівська",1,2,0,0,0,3,0,0,1,1,0,2,0,0,0
"Козятинська",6,4,0,0,4,0,6,0,2,2,0,4,0,0,0
"Козівська",13,7,2,1,15,8,0,0,3,3,0,6,0,0,0
"Колиндянська",3,1,0,0,4,0,0,0,1,0,0,1,0,0,0
"Колківська",7,9,0,0,4,12,0,0,1,1,0,2,0,0,0
"Коломацька",14,0,5,1,15,2,0,3,1,0,0,1,0,0,0
"Коломийська",16,9,1,2,7,0,21,0,7,4,0,7,4,0,0
"Кольчинська",4,0,0,0,3,1,0,0,1,0,0,1,0,0,0
"Комарнівська",2,1,1,1,2,0,3,0,2,0,0,1,1,0,0
"Комиш-Зорянська",5,0,3,0,7,1,0,0,1,0,0,1,0,0,0
"Комишанська",3,2,0,1,3,3,0,0,3,0,0,3,0,0,0
"Комишуваська",5,2,7,5,11,6,0,2,3,2,0,3,2,0,0
"Компаніївська",9,1,1,0,9,2,0,0,1,1,0,2,0,0,0
"Коноплянська",9,1,1,1,12,0,0,0,1,0,0,0,0,1,0
"Конотопська",8,16,1,1,1,0,24,1,4,2,0,4,1,1,0
"Конятинська",2,2,6,0,10,0,0,0,1,1,0,2,0,0,0
"Копайгородська",5,0,10,0,12,2,0,1,1,0,0,1,0,0,0
"Копичинецька",6,3,0,0,5,0,4,0,1,1,0,2,0,0,0
"Корецька",5,4,0,5,3,0,11,0,6,2,0,4,4,0,0
"Корнинська",5,0,3,0,5,2,0,1,1,1,0,2,0,0,0
"Коропська",2,2,0,1,1,4,0,0,2,1,0,3,0,0,0
"Коростенська",12,9,0,1,4,0,18,0,4,2,0,2,4,0,0
"Коростишівська",7,2,0,0,6,0,3,0,2,1,0,3,0,0,0
"Корсунь-Шевченківська",3,2,1,0,3,0,3,0,1,1,0,2,0,0,0
"Корюківська",3,3,3,0,5,0,4,0,1,1,0,2,0,0,0
"Космацька",2,0,0,0,2,0,0,0,1,0,0,1,0,0,0
"Костопільська",12,9,15,7,21,15,7,0,11,3,0,4,7,3,0
"Костянтинівська",19,10,3,0,13,3,15,1,1,3,0,4,0,0,0
"Косівська",7,3,11,0,17,0,4,0,1,2,0,3,0,0,0
"Котелевська",6,2,0,0,2,6,0,0,1,1,0,2,0,0,0
"Кочубеївська",2,0,5,0,7,0,0,0,1,0,0,1,0,0,0
"Краматорська",13,31,3,1,2,4,41,1,2,12,1,14,0,1,0
"Красилівська",5,3,0,0,3,0,5,0,1,1,0,2,0,0,0
"Красненська",9,2,0,0,7,4,0,0,1,1,0,2,0,0,0
"Красноградська",8,1,4,2,10,0,3,2,2,1,0,3,0,0,0
"Краснокутська",16,4,4,2,15,9,0,2,3,2,0,4,1,0,0
"Краснопільська",19,7,5,5,26,9,0,1,3,3,0,6,0,0,0
"Красноріченська",3,0,0,0,2,1,0,0,1,0,0,1,0,0,0
"Красносільська",4,0,3,0,7,0,0,0,3,0,0,1,2,0,0
"Кременецька",12,14,1,0,9,0,18,0,4,2,0,3,3,0,0
"Кременчуцька",26,32,1,8,2,0,65,0,14,9,0,15,5,3,0
"Кремінська",5,3,0,0,1,0,7,0,1,2,0,3,0,0,0
"Кривоозерська",3,2,3,0,5,3,0,0,1,1,0,2,0,0,0
"Криворізька",97,69,7,4,12,0,164,1,44,27,0,37,30,4,0
"Крижопільська",10,2,11,0,18,5,0,0,4,1,0,2,3,0,0
"Криничанська",14,2,0,0,8,5,0,3,2,1,0,2,1,0,0
"Криничненська",2,0,0,0,2,0,0,0,1,0,0,0,1,0,0
"Кролевецька",12,4,20,1,28,0,9,0,3,2,0,3,0,2,0
"Кропивницька",31,42,0,5,0,3,75,0,14,25,1,26,7,7,0
"Крутівська",3,1,0,0,2,0,2,0,1,0,0,0,1,0,0
"Кубейська",4,0,0,0,4,0,0,0,3,0,0,1,2,0,0
"Кулевчанська",2,0,1,1,4,0,0,0,1,0,0,1,0,0,0
"Куликівська",8,4,18,2,25,7,0,0,2,1,0,3,0,0,0
"Куньєвська",4,0,1,1,6,0,0,0,1,0,0,0,1,0,0
"Куп’янська",5,7,0,0,0,4,8,0,3,1,0,2,1,1,0
"Курахівська",7,2,0,0,3,1,5,0,1,1,0,2,0,0,0
"Курненська",5,0,1,0,6,0,0,0,1,0,0,1,0,0,0
"Курісовська",6,2,6,0,12,2,0,0,1,0,0,0,1,0,0
"Кутська",3,6,11,0,13,7,0,0,2,1,0,2,1,0,0
"Куцурубська",3,0,5,0,8,0,0,0,1,0,0,1,0,0,0
"Кушугумська",1,1,0,0,0,2,0,0,3,1,0,0,2,2,0
"Куяльницька",15,2,11,1,22,4,0,3,3,3,0,6,0,0,0
"Ківерцівська",3,3,0,0,2,0,4,0,1,1,0,2,0,0,0
"Кілійська",13,6,12,2,23,2,7,1,3,2,0,5,0,0,0
"Кіцманська",4,3,0,10,11,0,6,0,2,2,0,4,0,0,0
"Ладанська",1,1,0,0,0,2,0,0,1,0,0,1,0,0,0
"Ладижинська",4,3,9,0,13,0,3,0,1,1,0,2,0,0,0
"Лановецька",16,2,0,0,14,0,4,0,1,2,0,3,0,0,0
"Ланчинська",1,2,0,0,0,3,0,0,1,1,0,2,0,0,0
"Лебединська",8,9,3,4,12,0,12,0,8,2,0,5,5,0,0
"Летичівська",5,4,0,0,5,4,0,0,1,1,0,2,0,0,0
"Лиманська",27,10,6,4,24,11,10,2,3,3,0,5,1,0,0
"Линовицька",1,1,0,0,0,2,0,0,1,0,0,1,0,0,0
"Липецька",12,3,4,2,12,6,0,3,3,2,0,4,1,0,0
"Липовецька",8,8,2,0,8,0,10,0,3,4,0,7,0,0,0
"Липоводолинська",5,2,9,0,12,3,0,1,1,1,0,2,0,0,0
"Лисецька",4,3,0,0,3,4,0,0,1,1,0,2,0,0,0
"Лисичанська",7,16,0,0,1,1,21,0,1,5,1,7,0,0,0
"Лисянська",4,2,10,0,13,3,0,0,1,1,0,2,0,0,0
"Литовезька",1,0,0,0,1,0,0,0,1,0,0,1,0,0,0
"Лихівська",19,3,4,0,25,1,0,0,1,1,0,2,0,0,0
"Лозуватська",20,9,3,0,20,5,6,1,5,4,0,8,1,0,0
"Лозівська",30,7,5,8,25,4,18,3,14,1,0,4,10,1,0
"Локачинська",2,3,0,0,1,4,0,0,1,1,0,2,0,0,0
"Лопатинська",3,10,0,2,2,6,7,0,2,2,0,4,0,0,0
"Лосинівська",2,2,1,0,2,3,0,0,1,1,0,2,0,0,0
"Лохвицька",12,6,21,2,34,0,5,2,3,1,0,2,2,0,0
"Лубенська",17,15,12,14,32,0,25,1,7,2,0,4,5,0,0
"Лугинська",4,2,0,1,2,5,0,0,2,1,0,3,0,0,0
"Лука-Мелешківська",2,0,0,0,2,0,0,0,1,0,0,1,0,0,0
"Луцька",29,30,0,6,7,1,57,0,12,13,1,14,4,8,0
"Львівська",59,91,0,50,5,6,189,0,44,30,1,41,17,16,1
"Любарська",5,2,0,5,10,2,0,0,2,1,0,3,0,0,0
"Любашівська",16,6,31,1,44,9,0,1,5,2,0,5,2,0,0
"Любецька",3,1,2,0,4,2,0,0,1,0,0,1,0,0,0
"Любешівська",10,2,1,0,9,4,0,0,1,1,0,2,0,0,0
"Любимівська",6,0,1,2,8,1,0,0,1,0,0,1,0,0,0
"Люблинецька",1,0,0,0,0,1,0,0,2,0,0,0,2,0,0
"Любомльська",6,4,0,0,3,0,7,0,3,1,0,3,1,0,0
"Люботинська",7,2,0,1,1,1,6,2,2,1,0,3,0,0,0
"Ляшківська",3,1,2,0,6,0,0,0,1,0,0,1,0,0,0
"Лісовогринівецька",4,2,0,0,6,0,0,0,0,1,0,1,0,0,0
"Літинська",7,2,16,0,22,3,0,0,2,1,0,2,1,0,0
"Магальська",5,1,0,0,6,0,0,0,2,0,0,2,0,0,0
"Магдалинівська",11,3,2,0,13,3,0,0,1,1,0,2,0,0,0
"Макарівська",11,2,23,1,30,7,0,0,3,2,0,5,0,0,0
"Малинська",14,8,3,1,10,2,14,0,5,4,0,5,0,4,0
"Малинівська",3,1,3,1,7,1,0,0,2,0,0,1,1,0,0
"Малобілозерська",3,0,1,0,4,0,0,0,1,0,0,1,0,0,0
"Маловисківська",8,2,2,1,5,4,4,0,4,2,0,6,0,0,0
"Маловільшанська",4,0,19,0,23,0,0,0,1,1,0,2,0,0,0
"Малоданилівська",5,0,0,0,2,1,0,2,1,0,0,1,0,0,0
"Малодівицька",4,4,7,0,9,6,0,0,1,0,0,1,0,0,0
"Малолюбашанська",3,1,0,0,4,0,0,0,1,0,0,1,0,0,0
"Мамалигівська",6,1,0,0,7,0,0,0,6,0,0,6,0,0,0
"Мамаївська",4,2,0,0,4,2,0,0,1,0,0,0,0,1,0
"Мангушська",0,1,2,0,2,1,0,0,1,0,0,0,0,1,0
"Маневицька",4,5,0,0,3,6,0,0,1,1,0,2,0,0,0
"Маньківська",2,2,13,1,14,4,0,0,3,1,0,3,1,0,0
"Марганецька",8,3,0,1,5,0,7,0,1,1,0,2,0,0,0
"Марківська",1,1,1,0,2,1,0,0,0,1,0,1,0,0,0
"Маріупольська",2,32,2,6,2,1,39,0,0,18,0,18,0,0,0
"Мар’янівська",7,0,5,0,11,1,0,0,1,0,0,1,0,0,0
"Мар’їнська",12,16,1,0,9,0,20,0,2,4,0,6,0,0,0
"Матвіївська",2,0,0,0,1,1,0,0,1,0,0,0,1,0,0
"Матеївецька",4,0,0,0,4,0,0,0,1,0,0,1,0,0,0
"Махнівська",2,1,2,0,5,0,0,0,1,0,0,1,0,0,0
"Мачухівська",4,0,1,0,5,0,0,0,1,0,0,1,0,0,0
"Машівська",12,8,6,0,20,6,0,0,2,2,0,4,0,0,0
"Маяківська",2,1,0,0,3,0,0,0,1,0,0,1,0,0,0
"Медвинська",2,0,1,2,5,0,0,0,1,0,0,1,0,0,0
"Меденицька",1,3,0,4,5,3,0,0,1,1,0,2,0,0,0
"Меджибізька",4,1,1,0,6,0,0,0,1,0,0,1,0,0,0
"Межівська",24,6,3,1,24,9,0,1,5,4,0,8,1,0,0
"Мельнице-Подільська",6,3,0,0,5,4,0,0,1,1,0,2,0,0,0
"Мелітопольська",11,16,0,2,0,0,29,0,2,0,0,0,0,2,0
"Менська",8,12,3,0,9,5,9,0,2,2,0,4,0,0,0
"Мереф’янська",10,3,1,1,4,1,9,1,3,3,0,2,3,1,0
"Миколаївська",93,74,35,10,75,13,121,3,27,31,1,52,2,5,0
"Микулинецька",5,3,8,1,11,6,0,0,1,2,0,3,0,0,0
"Миляцька",3,0,1,0,4,0,0,0,2,0,0,1,1,0,0
"Милівська",4,0,0,0,4,0,0,0,1,0,0,1,0,0,0
"Миргородська",14,5,1,0,4,1,15,0,5,2,0,3,3,1,0
"Мирноградська",4,3,0,2,0,0,9,0,2,2,0,3,1,0,0
"Мирогощанська",3,1,0,1,5,0,0,0,1,0,0,1,0,0,0
"Миронівська",18,2,13,1,27,1,6,0,2,1,0,3,0,0,0
"Миропільська",3,1,10,1,14,1,0,0,2,0,0,2,0,0,0
"Михайлівська",14,14,9,0,24,13,0,0,1,5,0,6,0,0,0
"Млинівська",5,11,0,1,3,14,0,0,2,1,0,2,1,0,0
"Мліївська",1,0,1,2,4,0,0,0,1,0,0,1,0,0,0
"Могилів-Подільська",11,3,0,1,7,0,8,0,1,1,0,2,0,0,0
"Мокрокалигірська",3,0,2,0,5,0,0,0,1,0,0,1,0,0,0
"Мологівська",2,0,4,1,7,0,0,0,1,0,0,1,0,0,0
"Молочанська",119,94,2,31,3,8,235,0,44,36,1,45,19,17,0
"Монастириська",6,4,1,0,6,0,5,0,1,1,0,2,0,0,0
"Монастирищенська",11,3,26,0,34,2,4,0,2,1,0,3,0,0,0
"Моршинська",3,3,0,0,2,0,4,0,2,2,0,3,1,0,0
"Мостиська",11,4,0,7,7,0,15,0,9,1,0,3,7,0,0
"Мостівська",3,1,3,0,5,2,0,0,1,0,0,1,0,0,0
"Мошнівська",8,3,5,0,16,0,0,0,1,1,0,2,0,0,0
"Музиківська",1,0,0,0,1,0,0,0,1,0,0,1,0,0,0
"Мукачівська",22,8,0,4,8,0,26,0,11,3,0,4,8,2,0
"Мурафська",8,0,2,0,10,0,0,0,1,0,0,1,0,0,0
"Мурованокуриловецька",5,2,16,0,20,3,0,0,2,1,0,2,1,0,0
"Мурованська",1,0,0,1,2,0,0,0,1,0,0,1,0,0,0
"Міжгірська",8,4,13,3,21,7,0,0,2,2,0,4,0,0,0
"Мізоцька",4,1,1,0,4,2,0,0,1,0,0,1,0,0,0
"Міловська",1,10,0,0,1,10,0,0,0,1,0,1,0,0,0
"Мішково-Погорілівська",2,0,0,0,2,0,0,0,1,0,0,1,0,0,0
"Надвірнянська",6,7,0,2,1,0,14,0,4,2,0,5,1,0,0
"Надлацька",4,1,1,0,4,2,0,0,1,1,0,2,0,0,0
"Нараївська",4,0,1,0,5,0,0,0,1,0,0,0,1,0,0
"Наркевицька",1,1,0,0,0,2,0,0,1,0,0,1,0,0,0
"Народицька",4,2,0,1,2,5,0,0,3,1,0,3,1,0,0
"Недригайлівська",3,4,0,0,1,6,0,0,1,1,0,2,0,0,0
"Немирівська",4,3,2,0,5,0,4,0,1,1,0,2,0,0,0
"Немовицька",3,0,3,0,6,0,0,0,2,0,0,2,0,0,0
"Немішаївська",6,1,0,0,2,5,0,0,1,1,0,2,0,0,0
"Неполоковецька",3,2,1,2,1,7,0,0,2,0,0,1,0,1,0
"Нересницька",8,1,1,1,11,0,0,0,0,1,0,1,0,0,0
"Нерубайська",5,2,0,0,6,0,0,1,2,1,0,2,1,0,0
"Нетішинська",3,2,0,0,1,0,4,0,1,1,0,2,0,0,0
"Нехворощанська",5,0,1,0,6,0,0,0,1,0,0,1,0,0,0
"Нечаянська",1,0,2,0,3,0,0,0,1,0,0,1,0,0,0
"Нижньовербізька",5,0,0,0,5,0,0,0,1,0,0,1,0,0,0
"Нижньодуванська",2,0,7,0,8,1,0,0,1,0,0,1,0,0,0
"Нижньосироватська",2,1,0,0,3,0,0,0,1,0,0,1,0,0,0
"Нижньосірогозька",6,1,0,0,5,2,0,0,1,1,0,2,0,0,0
"Новгород-Сіверська",5,2,4,0,8,0,3,0,1,1,0,2,0,0,0
"Новгородківська",6,2,0,0,3,5,0,0,3,2,0,3,2,0,0
"Новицька",3,0,1,0,4,0,0,0,3,0,0,1,2,0,0
"Новоайдарська",0,2,0,0,0,2,0,0,0,2,0,2,0,0,0
"Новоархангельська",5,1,2,0,8,0,0,0,3,1,0,3,1,0,0
"Новоборисівська",5,2,1,0,5,3,0,0,1,1,0,2,0,0,0
"Новоборівська",5,0,0,1,3,3,0,0,1,0,0,1,0,0,0
"Новобузька",3,4,1,2,1,0,9,0,2,2,0,4,0,0,0
"Новобілоуська",4,0,6,0,10,0,0,0,1,0,0,1,0,0,0
"Нововасилівська",13,1,0,1,8,6,0,1,4,1,0,5,0,0,0
"Нововодолазька",15,2,5,0,17,5,0,0,3,1,0,2,2,0,0
"Нововолинська",7,4,0,0,0,1,10,0,2,2,0,3,1,0,0
"Нововоронцовська",5,2,0,0,2,4,0,1,2,1,0,3,0,0,0
"Новоград-Волинська",11,6,0,0,3,0,14,0,1,2,0,3,0,0,0
"Новогродівська",5,9,0,0,3,1,10,0,1,3,0,4,0,0,0
"Новогуйвинська",6,2,0,0,5,3,0,0,1,1,0,2,0,0,0
"Новодністровська",1,2,0,0,0,0,3,0,1,1,0,2,0,0,0
"Новодунаєвецька",8,4,1,1,3,1,10,0,3,1,0,2,2,0,0
"Новокалинівська",5,9,0,0,4,4,6,0,1,1,0,2,0,0,0
"Новокальчевська",8,2,8,1,14,4,0,1,2,1,0,3,0,0,0
"Новокаховська",11,4,0,2,0,1,15,1,6,1,0,3,3,1,0
"Новомиколаївська",15,3,1,3,16,6,0,0,6,3,0,9,0,0,0
"Новомиргородська",11,1,1,0,10,1,2,0,4,1,0,3,2,0,0
"Новомосковська",10,8,0,1,0,0,19,0,2,4,0,5,0,1,0
"Новоодеська",9,3,1,0,9,0,4,0,3,1,0,3,1,0,0
"Новоолександрівська",10,3,1,0,14,0,0,0,3,1,0,3,1,0,0
"Новооржицька",5,0,5,1,9,0,0,2,1,0,0,1,0,0,0
"Новопавлівська",9,3,1,0,11,2,0,0,2,1,0,3,0,0,0
"Новопокровська",26,5,2,0,21,12,0,0,4,2,0,5,1,0,0
"Новопсковська",4,0,0,0,3,1,0,0,1,0,0,1,0,0,0
"Новопільська",37,38,2,3,15,5,59,1,10,15,0,13,4,8,0
"Новороздільська",3,2,0,1,2,1,3,0,1,1,0,2,0,0,0
"Новосанжарська",7,2,20,0,26,3,0,0,1,1,0,2,0,0,0
"Новоселицька",15,2,3,1,15,0,6,0,2,1,0,3,0,0,0
"Новослобідська",2,0,0,0,2,0,0,0,2,0,0,1,1,0,0
"Новотроїцька",15,3,3,1,15,6,0,1,3,2,0,5,0,0,0
"Новоукраїнська",4,1,2,1,4,0,4,0,1,1,0,2,0,0,0
"Новоуспенівська",116,92,2,31,3,5,233,0,43,36,1,43,20,17,0
"Новоушицька",7,3,2,0,9,3,0,0,1,1,0,2,0,0,0
"Новояворівська",5,3,0,1,4,0,5,0,1,1,0,2,0,0,0
"Новояричівська",4,4,0,3,4,7,0,0,1,1,0,2,0,0,0
"Носівська",3,2,1,0,3,0,3,0,2,1,0,3,0,0,0
"Ніжинська",11,12,0,2,0,0,25,0,1,2,0,3,0,0,0
"Нікольська",6,1,13,0,16,4,0,0,2,0,0,1,1,0,0
"Нікопольська",16,15,0,2,0,0,33,0,4,5,0,5,3,1,0
"Обертинська",2,0,0,1,1,2,0,0,1,0,0,1,0,0,0
"Оброшинська",2,0,0,0,2,0,0,0,3,0,0,1,2,0,0
"Обухівська",20,2,2,0,16,2,6,0,3,1,0,3,1,0,0
"Оваднівська",5,0,0,0,5,0,0,0,1,0,0,1,0,0,0
"Овруцька",12,7,2,1,14,0,8,0,1,1,0,2,0,0,0
"Овідіопольська",6,3,1,1,4,7,0,0,4,2,0,5,1,0,0
"Одеська",173,108,0,49,0,0,330,0,101,53,1,66,59,30,0
"Окнянська",15,5,10,1,24,7,0,0,4,2,0,5,1,0,0
"Олевська",8,3,8,0,13,1,5,0,3,3,0,3,1,2,0
"Олександрівська",25,5,11,1,30,12,0,0,6,2,0,8,0,0,0
"Олександрійська",18,16,7,3,19,1,24,0,6,7,0,10,3,0,0
"Олексіївська",7,1,10,0,10,4,0,4,1,1,0,2,0,0,0
"Олешанська",11,7,1,3,8,0,14,0,7,2,0,4,4,1,0
"Олешківська",4,2,0,1,0,0,7,0,5,2,0,2,5,0,0
"Ольгинська",2,2,1,0,2,1,1,1,0,1,0,1,0,0,0
"Ольгопільська",2,0,0,0,2,0,0,0,1,0,0,1,0,0,0
"Оліївська",6,0,0,0,6,0,0,0,2,0,0,1,0,1,0
"Оноківська",3,1,0,0,4,0,0,0,0,1,0,1,0,0,0
"Онуфріївська",8,1,0,0,6,3,0,0,2,1,0,2,1,0,0
"Опішнянська",2,1,10,0,11,2,0,0,1,0,0,1,0,0,0
"Оратівська",7,4,0,0,7,4,0,0,2,2,0,4,0,0,0
"Оржицька",8,9,5,0,14,8,0,0,1,1,0,2,0,0,0
"Орининська",2,7,0,0,9,0,0,0,1,0,0,0,1,0,0
"Оріхівська",6,1,0,5,8,1,3,0,2,1,0,3,0,0,0
"Оскільська",7,0,1,1,8,1,0,0,2,0,0,1,1,0,0
"Остерська",1,1,0,0,0,0,2,0,1,0,0,0,1,0,0
"Острицька",3,1,0,4,8,0,0,0,1,0,0,1,0,0,0
"Острожецька",1,2,1,0,4,0,0,0,0,1,0,1,0,0,0
"Острозька",7,5,34,4,39,0,11,0,2,2,0,3,0,1,0
"Отинійська",6,1,9,0,14,2,0,0,0,1,0,1,0,0,0
"Охтирська",4,6,0,1,0,0,11,0,1,1,0,2,0,0,0
"Очаківська",2,2,2,0,3,0,3,0,1,1,0,2,0,0,0
"Очеретинська",6,3,3,0,5,3,4,0,1,1,0,2,0,0,0
"Павлоградська",9,10,0,0,0,0,19,0,2,5,0,7,0,0,0
"Павлівська",11,2,6,1,16,1,3,0,2,1,0,3,0,0,0
"Паланська",7,2,14,0,23,0,0,0,1,1,0,2,0,0,0
"Парафіївська",3,1,1,0,2,2,0,1,1,0,0,1,0,0,0
"Пасічнянська",4,0,0,0,3,1,0,0,1,0,0,1,0,0,0
"Первомайська",21,17,3,2,7,4,32,0,6,4,0,6,4,0,0
"Перегінська",3,1,7,0,7,3,0,1,1,1,0,1,1,0,0
"Перемишлянська",6,2,0,1,4,1,4,0,1,1,0,2,0,0,0
"Переріслянська",2,0,2,0,4,0,0,0,1,0,0,1,0,0,0
"Перечинська",3,2,2,0,4,0,3,0,1,1,0,2,0,0,0
"Переяславська",2,3,1,2,2,0,6,0,2,1,0,2,1,0,0
"Першотравенська",4,2,0,0,0,0,6,0,2,1,0,3,0,0,0
"Петриківська",10,2,0,0,7,5,0,0,1,1,0,2,0,0,0
"Петро-Михайлівська",2,1,0,0,1,2,0,0,1,1,0,2,0,0,0
"Петровірівська",8,1,0,1,10,0,0,0,1,0,0,0,0,1,0
"Петропавлівська",11,5,2,0,10,7,0,1,2,2,0,3,1,0,0
"Петрівська",25,3,7,1,27,9,0,0,8,3,0,7,4,0,0
"Печенізька",5,2,6,0,9,3,0,1,1,0,0,1,0,0,0
"Пилипецька",2,0,5,4,11,0,0,0,1,0,0,0,1,0,0
"Пирятинська",8,3,26,4,31,0,10,0,6,1,0,2,5,0,0
"Плахтіївська",2,0,0,0,2,0,0,0,1,0,0,0,1,0,0
"Плодородненська",5,1,1,0,4,3,0,0,1,1,0,2,0,0,0
"Плужненська",5,3,1,0,9,0,0,0,1,0,0,0,1,0,0
"Побузька",2,1,0,0,0,3,0,0,1,1,0,2,0,0,0
"Погребищенська",13,3,4,1,13,0,8,0,5,1,0,2,4,0,0
"Подільська",6,7,2,0,6,2,7,0,2,2,0,3,1,0,0
"Покровська",52,16,13,0,47,11,21,2,11,11,0,19,3,0,0
"Полицька",2,0,0,0,2,0,0,0,1,0,0,1,0,0,0
"Пологівська",3,8,0,0,5,0,6,0,0,4,0,4,0,0,0
"Полонська",7,2,1,0,7,0,3,0,1,1,0,2,0,0,0
"Полтавська",56,53,3,5,17,0,100,0,14,26,1,27,5,9,0
"Поляницька",3,1,2,1,7,0,0,0,1,0,0,1,0,0,0
"Полянська",5,0,0,0,5,0,0,0,1,0,0,1,0,0,0
"Поліська",4,2,1,2,3,6,0,0,4,2,1,6,1,0,0
"Поморянська",3,1,0,0,2,2,0,0,1,0,0,1,0,0,0
"Помічнянська",8,2,0,0,2,0,8,0,6,2,0,6,2,0,0
"Понорницька",1,1,1,0,1,2,0,0,1,0,0,1,0,0,0
"Попаснянська",5,4,0,0,1,4,4,0,2,2,0,4,0,0,0
"Попельнастівська",12,1,4,0,12,4,0,1,2,1,0,3,0,0,0
"Попівська",7,6,0,1,12,2,0,0,1,1,0,2,0,0,0
"Попільнянська",10,4,0,0,8,6,0,0,2,2,0,4,0,0,0
"Поромівська",1,0,0,0,1,0,0,0,1,0,0,0,1,0,0
"Потіївська",1,0,1,4,6,0,0,0,1,0,0,1,0,0,0
"Почаївська",4,4,0,0,3,0,5,0,0,1,0,1,0,0,0
"Преображенська",3,0,1,0,4,0,0,0,1,0,0,1,0,0,0
"Приазовська",4,2,0,1,5,2,0,0,1,1,0,2,0,0,0
"Привільненська",6,0,4,0,10,0,0,0,2,0,0,2,0,0,0
"Прилуцька",8,10,0,1,0,0,19,0,3,3,0,6,0,0,0
"Прилісненська",3,0,0,0,3,0,0,0,1,0,0,1,0,0,0
"Приморська",5,2,0,2,5,0,3,1,1,2,0,3,0,0,0
"Присиваська",4,1,0,4,7,2,0,0,1,1,0,2,0,0,0
"Пристолична",4,1,2,1,8,0,0,0,1,0,0,1,0,0,0
"Пришибська",1,0,1,0,2,0,0,0,1,0,0,1,0,0,0
"Пулинська",3,2,0,1,2,4,0,0,1,1,0,2,0,0,0
"Пустомитівська",3,3,0,0,1,0,5,0,2,1,0,3,0,0,0
"Путивльська",2,2,1,0,1,0,4,0,1,1,0,2,0,0,0
"Путильська",3,4,9,1,11,6,0,0,3,2,0,4,0,1,0
"Південноміська",3,2,2,0,1,2,3,1,1,1,0,2,0,0,0
"Підберізцівська",2,1,0,0,3,0,0,0,1,0,0,1,0,0,0
"Підволочиська",5,3,0,1,4,5,0,0,2,2,0,3,1,0,0
"Підгайцівська",5,3,0,0,8,0,0,0,2,2,0,4,0,0,0
"Підгайчиківська",2,0,2,0,4,0,0,0,1,0,0,0,1,0,0
"Підгаєцька",8,11,7,0,15,0,11,0,1,1,0,2,0,0,0
"Підгородненська",5,2,0,0,2,0,5,0,4,2,0,2,3,1,0
"Підкамінська",2,1,0,0,1,2,0,0,2,0,0,2,0,0,0
"Підлозцівська",1,0,0,0,1,0,0,0,1,0,0,1,0,0,0
"Пісківська",1,0,0,0,0,1,0,0,1,0,0,1,0,0,0
"Пісочинська",6,3,0,0,1,8,0,0,3,3,0,2,1,3,0
"Піщанська",28,7,3,0,33,5,0,0,3,3,0,4,1,1,0
"П’ятихатська",10,3,3,0,9,0,3,4,1,1,0,2,0,0,0
"Рава-Руська",7,3,6,1,13,0,4,0,1,1,0,2,0,0,0
"Радехівська",9,7,1,0,12,0,5,0,1,1,0,2,0,0,0
"Радивилівська",6,3,2,1,6,0,6,0,2,1,0,3,0,0,0
"Радомишльська",10,2,1,0,9,1,3,0,1,1,0,2,0,0,0
"Радсадівська",3,0,0,0,2,0,0,1,1,1,0,2,0,0,0
"Райгородоцька",4,0,0,1,5,0,0,0,1,1,0,2,0,0,0
"Райгородська",6,1,2,0,7,2,0,0,1,0,0,1,0,0,0
"Ралівська",3,1,1,0,5,0,0,0,1,1,0,2,0,0,0
"Ратнівська",7,3,0,1,3,8,0,0,2,1,0,2,1,0,0
"Рахівська",4,3,0,0,3,0,4,0,2,1,0,2,1,0,0
"Раївська",24,3,3,0,28,1,0,1,2,1,0,3,0,0,0
"Ренійська",11,3,0,0,8,2,4,0,3,1,0,2,2,0,0
"Решетилівська",14,3,13,0,25,0,4,1,1,1,0,2,0,0,0
"Ржищівська",2,0,1,1,3,0,1,0,1,0,0,1,0,0,0
"Роганська",3,1,1,0,1,3,0,1,1,1,0,2,0,0,0
"Рогатинська",17,3,37,0,52,1,4,0,1,2,0,3,0,0,0
"Рожищенська",7,4,5,0,7,4,5,0,1,1,0,2,0,0,0
"Рожнятівська",5,1,5,0,9,2,0,0,1,1,0,2,0,0,0
"Рожнівська",2,0,1,0,3,0,0,0,1,0,0,1,0,0,0
"Розвадівська",4,0,3,0,7,0,0,0,2,0,0,1,1,0,0
"Роздільнянська",16,5,8,4,22,5,6,0,6,3,0,7,2,0,0
"Розсошанська",6,6,1,0,13,0,0,0,1,4,0,5,0,0,0
"Розівська",6,1,1,1,6,3,0,0,1,0,0,1,0,0,0
"Рокитнянська",13,2,0,1,9,7,0,0,4,2,0,6,0,0,0
"Рокитнівська",18,14,1,14,15,32,0,0,16,2,0,4,14,0,0
"Романівська",7,2,0,14,18,5,0,0,2,1,0,3,0,0,0
"Роменська",20,8,2,4,12,3,18,1,8,3,0,7,3,1,0
"Рубіжанська",4,5,0,0,1,0,8,0,1,1,0,2,0,0,0
"Рудківська",4,2,0,0,3,0,3,0,2,1,0,3,0,0,0
"Ружинська",4,2,0,1,2,5,0,0,2,1,0,2,1,0,0
"Руськополянська",3,2,0,0,5,0,0,0,0,1,0,1,0,0,0
"Рівненська",31,45,2,18,8,5,83,0,20,23,1,28,4,12,0
"Ріпкинська",1,2,0,1,0,4,0,0,1,1,0,2,0,0,0
"Савинська",6,0,2,2,7,1,0,2,1,0,0,1,0,0,0
"Савранська",5,2,4,1,8,4,0,0,2,1,0,2,1,0,0
"Садівська",0,0,0,3,1,1,0,1,1,0,0,1,0,0,0
"Самбірська",8,8,2,2,3,0,17,0,5,2,0,3,3,1,0
"Самгородоцька",5,0,1,0,6,0,0,0,2,0,0,1,1,0,0
"Саратська",8,1,4,1,11,3,0,0,2,2,0,4,0,0,0
"Сарненська",18,10,2,4,15,0,19,0,7,3,0,5,5,0,0
"Сатанівська",3,3,2,0,5,3,0,0,2,1,0,2,1,0,0
"Саф’янівська",17,0,2,0,19,0,0,0,2,1,0,2,1,0,0
"Сахновщинська",19,6,2,1,15,13,0,0,4,3,0,6,1,0,0
"Свалявська",5,6,5,0,9,0,7,0,2,2,0,3,1,0,0
"Сватівська",4,3,0,0,2,0,4,1,1,2,0,3,0,0,0
"Свеська",3,3,0,1,1,6,0,0,4,1,0,3,2,0,0
"Святовасилівська",5,2,0,0,2,4,0,1,1,1,0,2,0,0,0
"Світловодська",11,3,2,3,5,1,13,0,3,1,0,3,1,0,0
"Світлодарська",1,6,0,0,1,3,2,1,0,2,0,2,0,0,0
"Северинівська",3,2,3,0,6,0,0,2,1,2,0,3,0,0,0
"Селидівська",4,2,1,0,1,1,5,0,1,1,0,2,0,0,0
"Селятинська",1,1,0,0,2,0,0,0,1,0,0,1,0,0,0
"Семенівська",22,5,27,0,45,6,3,0,5,3,0,8,0,0,0
"Сенчанська",5,1,9,2,17,0,0,0,1,0,0,1,0,0,0
"Сергіївська",8,2,6,3,17,2,0,0,1,1,0,2,0,0,0
"Середино-Будська",2,3,0,0,1,0,4,0,1,1,0,2,0,0,0
"Середнянська",5,0,0,0,4,1,0,0,2,1,0,2,0,1,0
"Синельниківська",4,2,0,0,0,0,6,0,1,1,0,2,0,0,0
"Синюхинобрідська",2,0,1,0,3,0,0,0,1,0,0,1,0,0,0
"Скадовська",10,2,3,1,6,1,7,2,4,1,0,2,3,0,0
"Скала-Подільська",5,1,0,0,3,3,0,0,2,0,0,1,1,0,0
"Скалатська",8,4,0,0,6,0,6,0,2,2,0,3,1,0,0
"Сквирська",13,1,3,1,12,0,6,0,4,1,0,2,3,0,0
"Сколівська",6,4,0,2,4,2,6,0,2,2,0,2,2,0,0
"Скориківська",4,0,1,0,5,0,0,0,1,0,0,1,0,0,0
"Славська",7,2,0,2,6,5,0,0,3,1,0,2,2,0,0
"Славутицька",6,1,0,1,0,0,8,0,5,1,0,2,4,0,0
"Славутська",5,4,2,3,1,0,13,0,2,3,0,3,0,2,0
"Слобожанська",23,4,1,2,16,12,0,2,8,3,0,6,4,1,0
"Слобідсько-Кульчієвецька",5,17,1,0,23,0,0,0,2,1,0,2,1,0,0
"Словечанська",3,2,1,0,6,0,0,0,0,1,0,1,0,0,0
"Слов’янська",15,28,3,0,7,1,37,1,1,8,0,7,0,2,0
"Смизька",2,2,1,1,3,3,0,0,1,0,0,1,0,0,0
"Смирновська",1,0,1,0,2,0,0,0,1,0,0,1,0,0,0
"Смолінська",3,1,1,0,3,2,0,0,1,1,0,2,0,0,0
"Смотрицька",2,2,2,0,4,2,0,0,1,0,0,1,0,0,0
"Смілянська",8,9,0,2,0,0,19,0,1,2,0,3,0,0,0
"Сновська",8,4,2,0,9,0,5,0,1,1,0,2,0,0,0
"Снятинська",9,4,0,0,7,0,6,0,1,1,0,2,0,0,0
"Снігурівська",6,2,15,0,20,0,3,0,1,1,0,2,0,0,0
"Сокальська",12,5,1,0,12,0,6,0,1,1,0,2,0,0,0
"Сокирянська",12,3,13,0,24,0,4,0,1,1,0,2,0,0,0
"Сокільницька",1,0,1,0,2,0,0,0,1,0,0,1,0,0,0
"Соледарська",1,4,4,0,4,1,3,1,0,3,0,3,0,0,0
"Солоницівська",10,3,5,0,9,5,3,1,2,1,0,3,0,0,0
"Солонківська",4,0,0,0,4,0,0,0,1,0,0,1,0,0,0
"Солонянська",17,5,2,0,16,6,0,2,2,3,0,5,0,0,0
"Солотвинська",18,6,4,2,21,9,0,0,5,3,0,5,2,1,0
"Сосницька",4,2,0,4,3,7,0,0,3,1,0,2,2,0,0
"Софіївська",34,4,6,2,38,6,0,2,5,3,0,7,1,0,0
"Срібнянська",2,2,16,0,15,4,0,1,1,1,0,2,0,0,0
"Ставищенська",10,1,0,2,10,3,0,0,1,1,0,2,0,0,0
"Ставненська",4,0,0,0,4,0,0,0,1,0,0,1,0,0,0
"Станично-Луганська",0,0,0,2,0,2,0,0,1,0,0,0,1,0,0
"Станишівська",7,4,4,2,17,0,0,0,1,2,0,3,0,0,0
"Старобешівська",4,2,3,1,5,5,0,0,1,1,0,2,0,0,0
"Старобогородчанська",4,0,1,0,5,0,0,0,1,0,0,1,0,0,0
"Старобільська",7,3,8,0,13,0,5,0,1,2,0,3,0,0,0
"Старовижівська",6,2,0,0,2,6,0,0,2,1,0,2,1,0,0
"Старовірівська",12,2,9,2,17,6,0,2,2,1,0,2,1,0,0
"Старокозацька",8,1,3,0,10,1,0,1,2,1,0,1,2,0,0
"Старокостянтинівська",13,4,0,1,7,0,11,0,1,1,0,2,0,0,0
"Старомаяківська",3,2,1,1,5,2,0,0,2,1,0,3,0,0,0
"Старосалтівська",3,0,6,0,7,2,0,0,2,0,0,1,1,0,0
"Старосамбірська",9,10,0,0,5,1,13,0,3,4,0,7,0,0,0
"Старосинявська",8,3,1,0,9,3,0,0,1,1,0,2,0,0,0
"Старосільська",1,0,3,2,6,0,0,0,3,0,0,1,2,0,0
"Староушицька",1,10,0,0,9,2,0,0,1,1,0,2,0,0,0
"Степанецька",5,0,2,1,8,0,0,0,1,0,0,1,0,0,0
"Степанська",2,2,1,0,1,4,0,0,2,1,0,2,1,0,0
"Степанівська",8,2,5,1,10,5,0,1,3,1,0,2,2,0,0
"Степненська",4,0,0,0,4,0,0,0,1,0,0,1,0,0,0
"Степівська",4,1,2,1,8,0,0,0,1,0,0,1,0,0,0
"Сторожинецька",12,3,4,0,15,0,4,0,1,1,0,2,0,0,0
"Стрижавська",6,0,1,0,5,2,0,0,2,0,0,1,1,0,0
"Стрийська",14,12,1,16,11,1,31,0,13,2,0,4,11,0,0
"Стриївська",4,0,0,0,4,0,0,0,1,0,0,1,0,0,0
"Стрілківська",2,1,0,0,3,0,0,0,1,0,0,1,0,0,0
"Студениківська",5,0,3,1,9,0,0,0,1,0,0,1,0,0,0
"Студенянська",5,3,0,0,2,0,6,0,3,1,0,3,0,1,0
"Суботцівська",7,0,1,0,8,0,0,0,1,0,0,0,1,0,0
"Судововишнянська",5,2,1,0,3,0,5,0,2,1,0,2,1,0,0
"Сумська",45,61,0,11,6,0,111,0,29,29,1,24,8,27,0
"Сурсько-Литовська",3,2,2,0,6,1,0,0,1,1,0,2,0,0,0
"Сутисківська",1,1,0,0,0,2,0,0,1,0,0,1,0,0,0
"Сухоєланецька",7,1,0,0,6,2,0,0,2,1,0,3,0,0,0
"Східницька",5,2,0,0,2,5,0,0,0,1,0,1,0,0,0
"Сєвєродонецька",4,12,0,3,2,1,16,0,3,5,0,6,1,1,0
"Сіверська",1,2,0,0,0,0,3,0,1,1,0,2,0,0,0
"Тавричанська",2,0,3,0,5,0,0,0,1,0,0,1,0,0,0
"Талалаївська",4,4,1,0,3,6,0,0,2,2,0,4,0,0,0
"Тальнівська",11,2,9,1,17,0,5,1,3,1,0,2,2,0,0
"Таращанська",10,5,0,0,8,0,7,0,1,1,0,2,0,0,0
"Тарутинська",6,1,0,0,3,4,0,0,1,1,0,2,0,0,0
"Татарбунарська",3,3,4,5,8,0,7,0,4,1,0,2,3,0,0
"Ташанська",5,0,11,0,16,0,0,0,1,0,0,1,0,0,0
"Таїровська",2,3,1,2,7,1,0,0,4,1,0,2,3,0,0
"Теофіпольська",6,4,2,0,7,5,0,0,2,3,0,3,0,2,0
"Теплицька",6,2,2,1,8,3,0,0,2,1,0,3,0,0,0
"Теплодарська",0,3,0,1,0,0,4,0,1,1,0,2,0,0,0
"Теребовлянська",5,5,12,1,17,0,6,0,1,1,0,2,0,0,0
"Тересвянська",3,0,1,1,3,2,0,0,1,0,0,0,1,0,0
"Терешківська",3,0,0,0,3,0,0,0,1,0,0,1,0,0,0
"Тернопільська",24,36,0,10,2,0,68,0,9,18,1,20,2,6,0
"Тернівська",4,3,9,0,7,0,6,3,2,2,0,4,0,0,0
"Терпіннівська",2,0,1,0,3,0,0,0,1,0,0,1,0,0,0
"Тетерівська",3,0,0,0,3,0,0,0,1,0,0,1,0,0,0
"Тетіївська",12,1,24,0,33,0,3,1,1,1,0,2,0,0,0
"Тиврівська",3,3,1,0,3,4,0,0,1,1,0,2,0,0,0
"Тисменицька",5,5,17,1,20,0,8,0,2,1,0,2,1,0,0
"Тишківська",3,0,2,0,5,0,0,0,2,0,0,1,1,0,0
"Тлумацька",8,2,0,1,8,0,3,0,2,1,0,2,1,0,0
"Товстенська",9,3,0,0,7,5,0,0,1,1,0,2,0,0,0
"Токмацька",7,1,0,3,5,1,5,0,1,1,0,2,0,0,0
"Томаківська",19,3,7,0,23,5,0,1,1,1,0,2,0,0,0
"Томашпільська",8,3,13,0,20,4,0,0,1,1,0,2,0,0,0
"Томашівська",5,0,2,0,7,0,0,0,2,0,0,0,2,0,0
"Торецька",7,7,1,0,2,2,11,0,1,2,0,3,0,0,0
"Торчинська",2,2,0,0,0,4,0,0,1,1,0,2,0,0,0
"Трибухівська",2,0,0,0,2,0,0,0,1,0,0,1,0,0,0
"Тростянецька",19,5,4,0,18,3,5,2,3,3,0,6,0,0,0
"Троїцька",8,4,2,0,12,2,0,0,1,1,0,2,0,0,0
"Трускавецька",7,4,0,1,5,0,7,0,4,2,0,3,2,1,0
"Тузлівська",1,0,0,1,2,0,0,0,1,0,0,1,0,0,0
"Тульчинська",18,6,2,0,15,2,9,0,3,2,0,4,0,1,0
"Тупичівська",3,3,1,5,8,4,0,0,3,1,0,3,1,0,0
"Турбівська",6,3,1,0,9,1,0,0,1,1,0,2,0,0,0
"Турківська",6,4,0,0,7,0,3,0,1,1,0,2,0,0,0
"Турійська",3,6,0,1,5,5,0,0,2,2,0,4,0,0,0
"Тур’є-Реметівська",6,1,3,0,10,0,0,0,1,1,0,2,0,0,0
"Тячівська",5,5,0,6,3,0,13,0,3,3,0,4,0,2,0
"Угринівська",1,0,0,0,1,0,0,0,1,0,0,1,0,0,0
"Ужгородська",23,30,0,6,0,0,59,0,18,18,1,25,3,9,0
"Узинська",10,2,4,0,9,0,7,0,5,1,0,2,4,0,0
"Українська",8,5,2,0,10,0,3,2,1,0,0,1,0,0,0
"Уланівська",3,1,0,0,4,0,0,0,2,0,0,1,1,0,0
"Улашанівська",5,1,10,0,16,0,0,0,1,0,0,0,1,0,0
"Уманська",5,6,1,2,1,0,13,0,2,3,0,4,0,1,0
"Усатівська",6,2,0,0,7,0,0,1,1,1,0,2,0,0,0
"Устилузька",2,3,0,0,0,2,3,0,1,0,0,1,0,0,0
"Устинівська",10,2,20,0,26,6,0,0,3,2,0,5,0,0,0
"Усть-Путильська",2,1,0,0,3,0,0,0,1,0,0,1,0,0,0
"Ушомирська",7,3,7,0,15,2,0,0,1,1,0,2,0,0,0
"Фастівська",11,6,0,0,4,2,11,0,3,2,0,3,2,0,0
"Фонтанська",14,4,5,1,20,2,0,2,3,0,0,1,1,1,0
"Фурсівська",5,0,0,0,5,0,0,0,1,0,0,1,0,0,0
"Харківська",74,132,0,20,0,0,226,0,58,76,1,109,15,11,0
"Харцизька",1,2,2,0,2,1,1,1,0,1,0,1,0,0,0
"Херсонська",28,33,0,14,3,6,62,4,14,15,1,22,5,3,0
"Хирівська",5,4,0,0,5,0,4,0,1,0,0,1,0,0,0
"Хмельницька",57,50,0,7,6,0,106,2,22,18,1,18,10,13,0
"Хмільницька",13,9,3,0,10,4,11,0,4,4,0,5,2,1,0
"Ходорівська",2,2,27,2,30,0,3,0,3,1,0,2,2,0,0
"Холмківська",10,0,0,0,10,0,0,0,2,0,0,1,0,1,0
"Хорольська",19,10,42,0,56,3,12,0,4,2,0,5,1,0,0
"Хорошівська",8,2,0,0,6,4,0,0,1,1,0,2,0,0,0
"Хотинська",7,5,4,1,11,0,6,0,2,2,0,2,2,0,0
"Хотінська",2,1,3,0,4,2,0,0,1,0,0,1,0,0,0
"Христинівська",12,4,3,1,9,1,10,0,4,2,0,4,2,0,0
"Хустська",22,5,5,10,26,0,16,0,12,2,0,5,7,2,0
"Царичанська",10,4,5,1,13,7,0,0,3,2,0,5,0,0,0
"Цебриківська",7,0,4,0,8,3,0,0,2,0,0,1,1,0,0
"Цуманська",5,3,0,0,4,4,0,0,1,1,0,1,1,0,0
"Чабанівська",6,0,1,0,4,3,0,0,2,0,0,0,1,1,0
"Чаплинська",6,2,7,0,10,4,0,1,2,1,0,2,1,0,0
"Часовоярська",0,2,0,0,0,0,2,0,0,1,0,1,0,0,0
"Чемеровецька",11,6,18,1,32,4,0,0,1,1,0,2,0,0,0
"Червоненська",1,0,0,1,0,2,0,0,2,0,0,1,1,0,0
"Червоноградська",6,8,2,4,5,1,14,0,3,3,0,6,0,0,0
"Червоногригорівська",30,31,0,3,3,1,59,1,8,11,0,8,3,8,0
"Червонослобідська",3,2,1,0,6,0,0,0,2,1,0,2,1,0,0
"Черкаська",22,37,5,5,6,8,55,0,17,20,1,29,6,3,0
"Чернеччинська",7,0,7,0,14,0,0,0,1,0,0,1,0,0,0
"Черняхівська",6,2,0,0,1,7,0,0,2,1,0,3,0,0,0
"Чернівецька",28,65,1,23,7,4,106,0,20,34,1,43,5,7,0
"Чернігівська",24,40,1,22,22,6,58,1,14,14,1,22,5,2,0
"Чечельницька",5,2,1,0,4,4,0,0,2,1,0,2,1,0,0
"Чигиринська",4,2,3,0,6,0,3,0,1,1,0,2,0,0,0
"Чижівська",5,1,0,0,5,1,0,0,1,0,0,1,0,0,0
"Чкаловська",14,0,2,1,14,1,0,2,2,0,0,2,0,0,0
"Чмирівська",2,0,1,0,3,0,0,0,1,0,0,1,0,0,0
"Чоповицька",3,0,0,1,2,2,0,0,1,0,0,1,0,0,0
"Чопська",1,1,0,0,0,0,2,0,1,1,0,2,0,0,0
"Чорнобаївська",13,3,6,0,15,6,0,1,3,1,0,3,1,0,0
"Чорноморська",10,6,3,4,13,3,7,0,3,1,0,3,1,0,0
"Чорноострівська",2,3,2,0,6,1,0,0,1,1,0,2,0,0,0
"Чорнухинська",4,3,4,0,6,4,0,1,1,1,0,2,0,0,0
"Чортківська",5,4,0,1,3,0,7,0,3,1,0,3,0,1,0
"Чугуївська",13,4,2,0,3,1,15,0,3,1,0,3,1,0,0
"Чудейська",4,0,0,1,5,0,0,0,2,0,0,1,1,0,0
"Чуднівська",3,2,0,1,0,2,4,0,3,1,0,2,2,0,0
"Чулаківська",5,1,1,1,5,2,0,1,1,1,0,2,0,0,0
"Чупахівська",1,1,0,1,1,2,0,0,1,0,0,1,0,0,0
"Чутівська",7,2,1,0,5,5,0,0,2,1,0,2,1,0,0
"Шабівська",5,2,0,0,7,0,0,0,1,1,0,1,1,0,0
"Шалигинська",2,2,2,4,8,2,0,0,1,0,0,1,0,0,0
"Шаргородська",9,5,2,0,4,0,12,0,4,2,0,4,1,1,0
"Шахівська",3,0,1,0,4,0,0,0,1,0,0,1,0,0,0
"Шацька",3,2,0,0,0,5,0,0,1,1,0,2,0,0,0
"Швайківська",1,0,0,0,1,0,0,0,1,0,0,1,0,0,0
"Шевченківська",27,4,11,2,32,8,0,4,4,2,0,5,1,0,0
"Шегинівська",5,1,1,0,7,0,0,0,1,0,0,1,0,0,0
"Шепетівська",12,8,0,0,1,0,19,0,5,5,0,5,1,4,0
"Широківська",13,5,7,1,16,8,0,2,5,5,0,7,2,1,0
"Ширяївська",6,1,1,0,4,4,0,0,5,1,0,2,4,0,0
"Шишацька",13,4,18,0,29,5,0,1,3,1,0,4,0,0,0
"Шосткинська",12,17,1,0,8,2,20,0,2,3,0,4,1,0,0
"Шпиківська",4,2,2,0,6,2,0,0,1,1,0,2,0,0,0
"Шполянська",7,4,14,0,20,0,5,0,2,1,0,2,1,0,0
"Шумська",6,2,0,1,4,0,5,0,3,1,0,2,2,0,0
"Щастинська",0,2,0,0,0,1,1,0,0,1,0,1,0,0,0
"Щирецька",2,2,0,0,1,3,0,0,1,0,0,1,0,0,0
"Ювілейна",3,0,0,0,0,1,0,2,1,0,0,1,0,0,0
"Южненська",3,3,0,1,0,0,7,0,5,1,0,2,4,0,0
"Южноукраїнська",8,3,2,0,5,1,7,0,4,2,0,4,2,0,0
"Юнаківська",3,1,1,0,4,0,0,1,2,0,0,1,1,0,0
"Юрковецька",4,0,4,0,8,0,0,0,0,1,0,1,0,0,0
"Юр’ївська",16,5,5,0,17,3,3,3,3,2,0,5,0,0,0
"Яблунівська",2,1,5,0,6,2,0,0,2,1,0,3,0,0,0
"Яворівська",9,9,1,3,11,6,5,0,2,2,0,4,0,0,0
"Яготинська",17,2,6,18,33,3,5,2,4,2,0,5,1,0,0
"Якимівська",13,3,2,1,12,6,0,1,2,2,0,4,0,0,0
"Якушинецька",5,3,4,0,10,0,0,2,2,1,0,3,0,0,0
"Ямницька",2,0,5,0,7,0,0,0,1,0,0,1,0,0,0
"Ямпільська",23,8,8,2,28,8,4,1,4,4,0,7,1,0,0
"Яремчанська",2,3,0,4,3,0,6,0,4,2,0,4,2,0,0
"Яришівська",5,0,0,0,5,0,0,0,1,0,0,1,0,0,0
"Ярмолинецька",6,2,1,1,5,5,0,0,1,1,0,2,0,0,0
"Яськівська",3,0,0,0,3,0,0,0,2,0,0,1,1,0,0
"Ясінянська",4,1,0,0,3,2,0,0,0,1,0,1,0,0,0
